IP Address,Port,Code,Country,Anonymity,Google,Https,Last Checked
187.44.167.78,60786,BR,Brazil,anonymous,,yes,7 secs ago
95.0.84.26,80,TR,Turkey,elite proxy,no,yes,7 secs ago
47.74.226.8,5001,SG,Singapore,anonymous,no,yes,7 secs ago
115.144.153.1,10358,KR,South Korea,elite proxy,,yes,7 secs ago
128.0.168.153,1080,UA,Ukraine,anonymous,,yes,7 secs ago
176.99.2.43,1081,RU,Russian Federation,elite proxy,no,yes,7 secs ago
89.58.60.238,8080,DE,Germany,anonymous,,yes,7 secs ago
213.33.2.28,80,AT,Austria,anonymous,no,no,14 secs ago
150.107.136.110,8082,ID,Indonesia,anonymous,,no,14 secs ago
85.8.68.2,80,DE,Germany,anonymous,no,no,14 secs ago
178.33.3.163,8080,FR,France,elite proxy,,no,14 secs ago
50.204.36.138,60808,US,United States,elite proxy,,no,14 secs ago
62.99.138.162,80,AT,Austria,anonymous,no,no,14 secs ago
213.143.113.82,80,AT,Austria,anonymous,no,no,14 secs ago
80.120.130.231,80,AT,Austria,anonymous,no,no,14 secs ago
103.141.180.254,8080,ID,Indonesia,elite proxy,,no,14 secs ago
121.1.41.162,111,PH,Philippines,elite proxy,,no,14 secs ago
136.243.55.199,3128,DE,Germany,anonymous,,no,14 secs ago
47.56.110.204,8989,HK,Hong Kong,anonymous,yes,no,14 secs ago
82.71.196.177,8080,GB,United Kingdom,elite proxy,no,yes,14 secs ago
119.8.100.157,8080,HK,Hong Kong,anonymous,,no,14 secs ago
94.102.234.186,32650,ME,Montenegro,transparent,no,no,14 secs ago
103.123.25.65,80,ID,Indonesia,elite proxy,,no,14 secs ago
27.107.27.13,80,IN,India,anonymous,,no,14 secs ago
103.36.11.21,8080,ID,Indonesia,anonymous,,no,14 secs ago
217.76.50.200,8000,DE,Germany,anonymous,,no,14 secs ago
191.243.46.18,43241,BR,Brazil,elite proxy,,no,14 secs ago
221.151.181.101,8000,KR,South Korea,anonymous,,no,14 secs ago
41.230.216.70,80,TN,Tunisia,anonymous,no,no,14 secs ago
38.56.204.138,999,DO,Dominican Republic,anonymous,,no,14 secs ago
45.84.227.55,1000,RU,Russian Federation,elite proxy,,no,14 secs ago
80.106.247.145,53410,GR,Greece,elite proxy,,no,14 secs ago
8.209.114.72,3129,DE,Germany,anonymous,,no,14 secs ago
35.213.91.45,80,JP,Japan,anonymous,yes,yes,14 secs ago
198.27.74.6,9300,CA,Canada,elite proxy,no,yes,14 secs ago
212.112.113.178,3128,KG,Kyrgyzstan,elite proxy,no,yes,14 secs ago
103.118.78.194,80,BD,Bangladesh,anonymous,no,no,14 secs ago
103.83.232.122,80,BD,Bangladesh,anonymous,no,no,14 secs ago
41.57.15.46,6060,ZA,South Africa,transparent,no,no,14 secs ago
85.26.146.169,80,RU,Russian Federation,anonymous,no,no,14 secs ago
41.65.236.43,1981,EG,Egypt,elite proxy,,no,14 secs ago
41.65.201.35,1981,EG,Egypt,anonymous,,no,14 secs ago
128.199.98.232,3128,SG,Singapore,anonymous,,no,14 secs ago
103.149.130.38,80,BD,Bangladesh,anonymous,no,no,14 secs ago
103.197.251.202,80,BD,Bangladesh,anonymous,no,no,14 secs ago
20.44.206.138,80,SG,Singapore,anonymous,no,yes,14 secs ago
117.54.114.101,80,ID,Indonesia,anonymous,,no,14 secs ago
51.79.50.22,9300,CA,Canada,elite proxy,no,yes,14 secs ago
117.54.114.98,80,ID,Indonesia,anonymous,,no,14 secs ago
158.160.56.149,8080,RU,Russian Federation,elite proxy,no,yes,14 secs ago
152.67.103.55,8080,AU,Australia,anonymous,yes,no,14 secs ago
195.23.57.78,80,PT,Portugal,anonymous,no,no,14 secs ago
103.153.62.50,8080,ID,Indonesia,anonymous,,no,14 secs ago
8.219.97.248,80,SG,Singapore,anonymous,no,yes,14 secs ago
77.73.241.154,80,CH,Switzerland,anonymous,no,no,14 secs ago
190.121.157.142,999,CO,Colombia,transparent,no,no,14 secs ago
179.1.98.40,999,CO,Colombia,transparent,no,no,14 secs ago
50.168.163.182,80,US,United States,anonymous,no,no,14 secs ago
216.66.89.10,8080,US,United States,transparent,no,no,14 secs ago
103.127.1.130,80,BD,Bangladesh,anonymous,no,no,14 secs ago
51.91.109.113,8118,FR,France,elite proxy,,no,14 secs ago
0.0.0.0,80,,Unknown,anonymous,no,no,14 secs ago
82.119.96.254,80,SK,Slovakia,anonymous,no,no,14 secs ago
190.58.248.86,80,TT,Trinidad and Tobago,anonymous,no,no,14 secs ago
196.20.125.157,8083,DZ,Algeria,elite proxy,,no,14 secs ago
51.15.242.202,8888,FR,France,anonymous,,no,14 secs ago
142.93.219.22,8080,IN,India,elite proxy,,no,14 secs ago
50.223.38.2,80,US,United States,anonymous,no,no,14 secs ago
117.251.103.186,8080,IN,India,elite proxy,no,yes,14 secs ago
103.153.127.8,8080,ID,Indonesia,anonymous,,no,14 secs ago
146.59.2.185,80,FR,France,anonymous,,no,14 secs ago
186.121.235.66,8080,BO,Bolivia,anonymous,no,yes,14 secs ago
200.105.215.22,33630,BO,Bolivia,elite proxy,no,yes,14 secs ago
202.86.138.18,8080,MO,Macau,elite proxy,no,yes,14 secs ago
50.219.106.83,80,US,United States,anonymous,no,no,14 secs ago
168.227.11.17,8080,BR,Brazil,transparent,no,no,14 secs ago
172.108.208.74,80,US,United States,anonymous,no,no,14 secs ago
51.222.131.111,8050,CA,Canada,transparent,no,no,14 secs ago
50.219.71.160,80,US,United States,anonymous,no,no,14 secs ago
190.61.88.147,8080,GT,Guatemala,anonymous,no,yes,14 secs ago
103.152.118.153,8080,ID,Indonesia,elite proxy,no,yes,14 secs ago
167.114.96.13,9300,CA,Canada,elite proxy,,no,14 secs ago
171.22.25.170,80,IR,Iran,anonymous,yes,no,14 secs ago
37.130.26.140,8080,PL,Poland,elite proxy,,no,14 secs ago
194.158.203.14,80,BY,Belarus,anonymous,no,no,14 secs ago
127.0.0.7,80,,Unknown,anonymous,no,no,14 secs ago
91.249.134.148,80,DE,Germany,anonymous,no,no,14 secs ago
190.104.168.19,80,PY,Paraguay,elite proxy,yes,no,14 secs ago
158.69.74.53,9300,CA,Canada,elite proxy,,no,14 secs ago
80.228.235.6,80,DE,Germany,anonymous,no,no,14 secs ago
179.1.110.77,8080,CO,Colombia,anonymous,,no,14 secs ago
138.201.113.2,3128,DE,Germany,elite proxy,,no,14 secs ago
58.27.59.249,80,MY,Malaysia,elite proxy,yes,no,14 secs ago
66.70.178.214,9300,CA,Canada,elite proxy,,no,14 secs ago
141.136.56.96,999,ES,Spain,transparent,no,no,14 secs ago
117.54.114.102,80,ID,Indonesia,anonymous,no,no,14 secs ago
163.5.182.142,80,NL,Netherlands,anonymous,no,no,14 secs ago
103.178.42.23,8181,ID,Indonesia,anonymous,,no,14 secs ago
212.145.210.146,80,ES,Spain,anonymous,no,no,14 secs ago
183.111.165.166,80,KR,South Korea,elite proxy,,no,14 secs ago
62.141.11.68,80,CZ,Czech Republic,anonymous,no,no,14 secs ago
36.92.193.189,80,ID,Indonesia,elite proxy,,no,14 secs ago
41.207.187.178,80,TG,Togo,anonymous,no,no,14 secs ago
178.169.139.180,8080,BG,Bulgaria,elite proxy,,no,14 secs ago
213.157.6.50,80,DE,Germany,anonymous,no,no,14 secs ago
13.95.173.197,80,NL,Netherlands,anonymous,no,no,14 secs ago
188.132.222.2,8080,TR,Turkey,elite proxy,,no,14 secs ago
192.141.93.91,999,AR,Argentina,anonymous,,no,14 secs ago
103.178.41.234,8085,ID,Indonesia,transparent,no,no,1 min ago
5.189.146.57,80,DE,Germany,transparent,no,no,2 mins ago
198.44.191.141,45787,JP,Japan,transparent,no,no,2 mins ago
185.74.6.248,8080,UZ,Uzbekistan,transparent,no,no,5 mins ago
102.129.157.68,8080,KH,Cambodia,transparent,no,no,5 mins ago
103.141.143.1,41485,VN,Vietnam,elite proxy,yes,no,10 mins ago
103.168.53.157,41485,VN,Vietnam,elite proxy,yes,no,10 mins ago
206.189.146.59,80,SG,Singapore,anonymous,yes,no,10 mins ago
103.49.202.252,80,BD,Bangladesh,anonymous,no,no,10 mins ago
209.97.150.167,3128,US,United States,anonymous,no,no,10 mins ago
77.232.21.4,8080,RU,Russian Federation,elite proxy,no,yes,10 mins ago
177.10.201.171,9812,BR,Brazil,elite proxy,,no,10 mins ago
51.124.209.11,80,NL,Netherlands,anonymous,,no,10 mins ago
103.234.55.173,80,HK,Hong Kong,anonymous,no,no,10 mins ago
213.230.127.93,3128,UZ,Uzbekistan,elite proxy,no,yes,10 mins ago
18.222.211.211,3128,US,United States,elite proxy,no,yes,10 mins ago
198.199.86.11,3128,US,United States,anonymous,no,no,10 mins ago
203.198.207.253,80,HK,Hong Kong,anonymous,no,no,10 mins ago
134.209.29.120,8080,GB,United Kingdom,anonymous,no,no,10 mins ago
20.206.106.192,80,BR,Brazil,elite proxy,no,no,10 mins ago
138.197.148.215,80,CA,Canada,elite proxy,,no,10 mins ago
43.255.113.232,8081,KH,Cambodia,elite proxy,,no,10 mins ago
20.210.113.32,80,JP,Japan,elite proxy,no,no,10 mins ago
167.71.5.83,8080,NL,Netherlands,anonymous,no,no,10 mins ago
187.217.54.84,80,MX,Mexico,elite proxy,yes,no,10 mins ago
20.24.43.214,80,SG,Singapore,elite proxy,no,no,10 mins ago
124.158.182.34,7654,ID,Indonesia,elite proxy,,no,10 mins ago
202.61.204.51,80,AT,Austria,elite proxy,,no,10 mins ago
51.83.98.90,80,FR,France,elite proxy,,no,10 mins ago
103.163.51.254,80,BD,Bangladesh,anonymous,no,no,10 mins ago
20.111.54.16,8123,FR,France,elite proxy,no,no,10 mins ago
139.59.1.14,8080,IN,India,anonymous,no,no,10 mins ago
112.217.162.5,3128,KR,South Korea,anonymous,,no,10 mins ago
95.189.123.70,8080,RU,Russian Federation,anonymous,yes,no,11 mins ago
193.3.182.224,80,IR,Iran,anonymous,yes,no,11 mins ago
50.174.145.15,80,US,United States,anonymous,no,no,12 mins ago
107.1.93.211,80,US,United States,anonymous,no,no,12 mins ago
50.173.140.149,80,US,United States,anonymous,no,no,12 mins ago
50.217.226.40,80,US,United States,anonymous,no,no,12 mins ago
107.1.93.210,80,US,United States,anonymous,no,no,12 mins ago
107.1.93.215,80,US,United States,anonymous,no,no,12 mins ago
50.171.68.130,80,US,United States,anonymous,no,no,12 mins ago
50.206.25.107,80,US,United States,anonymous,no,no,12 mins ago
50.222.212.253,80,US,United States,anonymous,no,no,12 mins ago
50.171.2.12,80,US,United States,anonymous,no,no,12 mins ago
65.108.9.181,80,FI,Finland,elite proxy,yes,no,12 mins ago
50.239.72.19,80,US,United States,anonymous,no,no,12 mins ago
158.69.71.69,9300,CA,Canada,elite proxy,no,no,12 mins ago
107.1.93.212,80,US,United States,anonymous,no,no,12 mins ago
50.173.140.144,80,US,United States,anonymous,no,no,12 mins ago
50.217.153.74,80,US,United States,anonymous,no,no,12 mins ago
50.217.226.46,80,US,United States,anonymous,no,no,12 mins ago
50.237.89.166,80,US,United States,anonymous,no,no,12 mins ago
50.237.89.165,80,US,United States,anonymous,no,no,12 mins ago
50.171.32.231,80,US,United States,anonymous,no,no,12 mins ago
50.174.145.9,80,US,United States,anonymous,no,no,12 mins ago
50.227.121.38,80,US,United States,anonymous,no,no,12 mins ago
50.238.154.98,80,US,United States,anonymous,no,no,12 mins ago
50.168.49.108,80,US,United States,anonymous,no,no,12 mins ago
66.191.31.158,80,US,United States,anonymous,no,no,12 mins ago
50.222.245.44,80,US,United States,anonymous,no,no,12 mins ago
50.171.32.230,80,US,United States,anonymous,no,no,12 mins ago
50.217.226.47,80,US,United States,anonymous,no,no,12 mins ago
50.222.245.43,80,US,United States,anonymous,no,no,12 mins ago
50.228.141.102,80,US,United States,anonymous,no,no,12 mins ago
50.171.32.227,80,US,United States,anonymous,no,no,12 mins ago
50.206.111.91,80,US,United States,anonymous,no,no,12 mins ago
50.217.153.77,80,US,United States,anonymous,no,no,12 mins ago
50.174.7.156,80,US,United States,anonymous,no,no,12 mins ago
50.217.153.76,80,US,United States,anonymous,no,no,12 mins ago
50.174.7.153,80,US,United States,anonymous,no,no,12 mins ago
50.227.121.33,80,US,United States,anonymous,no,no,12 mins ago
50.169.37.50,80,US,United States,anonymous,no,no,12 mins ago
107.1.93.214,80,US,United States,anonymous,no,no,12 mins ago
50.206.25.104,80,US,United States,anonymous,no,no,12 mins ago
50.219.207.197,80,US,United States,anonymous,no,no,12 mins ago
50.219.106.82,80,US,United States,anonymous,no,no,12 mins ago
50.218.57.69,80,US,United States,anonymous,no,no,12 mins ago
50.168.10.151,80,US,United States,anonymous,no,no,12 mins ago
50.219.71.163,80,US,United States,anonymous,no,no,12 mins ago
50.217.153.78,80,US,United States,anonymous,no,no,12 mins ago
50.169.62.114,80,US,United States,anonymous,no,no,12 mins ago
50.168.10.157,80,US,United States,anonymous,no,no,12 mins ago
50.231.167.218,80,US,United States,anonymous,no,no,12 mins ago
50.239.72.18,80,US,United States,anonymous,no,no,12 mins ago
50.219.71.170,80,US,United States,anonymous,no,no,12 mins ago
50.217.226.43,80,US,United States,anonymous,no,no,12 mins ago
50.206.25.111,80,US,United States,anonymous,no,no,12 mins ago
50.218.57.66,80,US,United States,anonymous,no,no,12 mins ago
50.223.129.104,80,US,United States,anonymous,no,no,12 mins ago
209.127.76.135,3128,CA,Canada,transparent,no,no,12 mins ago
146.19.44.228,8085,RU,Russian Federation,transparent,no,no,12 mins ago
64.137.75.2,5922,JP,Japan,transparent,no,no,12 mins ago
104.165.169.43,3128,CA,Canada,transparent,no,no,12 mins ago
212.18.113.226,8085,RU,Russian Federation,transparent,no,no,12 mins ago
45.114.15.84,6065,JP,Japan,transparent,no,no,12 mins ago
104.252.179.114,3128,FR,France,transparent,no,no,12 mins ago
192.177.165.8,3128,DE,Germany,transparent,no,no,12 mins ago
193.163.92.138,8085,RU,Russian Federation,transparent,no,no,12 mins ago
176.126.104.123,8085,RU,Russian Federation,transparent,no,no,12 mins ago
64.137.126.175,6783,JP,Japan,transparent,no,no,12 mins ago
193.163.89.190,8085,RU,Russian Federation,transparent,no,no,12 mins ago
146.185.203.234,8085,RU,Russian Federation,transparent,no,no,12 mins ago
192.177.165.80,3128,DE,Germany,transparent,no,no,12 mins ago
192.177.165.68,3128,DE,Germany,transparent,no,no,12 mins ago
142.252.223.244,3128,FR,France,transparent,no,no,12 mins ago
45.114.12.22,5090,JP,Japan,transparent,no,no,12 mins ago
185.224.142.127,8800,RO,Romania,transparent,no,no,12 mins ago
23.27.240.236,3128,CA,Canada,transparent,no,no,12 mins ago
193.163.92.35,8085,RU,Russian Federation,transparent,no,no,12 mins ago
38.15.148.90,3128,CA,Canada,transparent,no,no,12 mins ago
38.15.152.157,3128,CA,Canada,transparent,no,no,12 mins ago
104.252.131.138,3128,CA,Canada,transparent,no,no,12 mins ago
64.137.90.166,5786,JP,Japan,transparent,no,no,12 mins ago
81.196.102.94,3333,RO,Romania,transparent,no,no,12 mins ago
45.114.15.12,5993,JP,Japan,transparent,no,no,12 mins ago
79.111.13.155,50625,RU,Russian Federation,transparent,no,no,12 mins ago
166.88.122.8,3128,FR,France,transparent,no,no,12 mins ago
193.233.248.71,8085,RU,Russian Federation,transparent,no,no,12 mins ago
166.88.122.152,3128,FR,France,transparent,no,no,12 mins ago
104.165.169.59,3128,CA,Canada,transparent,no,no,12 mins ago
104.252.131.61,3128,CA,Canada,transparent,no,no,12 mins ago
104.252.131.222,3128,CA,Canada,transparent,no,no,12 mins ago
104.165.127.62,3128,CA,Canada,transparent,no,no,12 mins ago
45.114.12.128,5196,JP,Japan,transparent,no,no,12 mins ago
185.224.142.103,8800,RO,Romania,transparent,no,no,12 mins ago
172.121.142.181,3128,FR,France,transparent,no,no,12 mins ago
64.137.90.86,5706,JP,Japan,transparent,no,no,12 mins ago
176.126.104.156,8085,RU,Russian Federation,transparent,no,no,12 mins ago
104.252.179.78,3128,FR,France,transparent,no,no,12 mins ago
91.247.163.31,8085,UA,Ukraine,transparent,no,no,12 mins ago
172.121.142.229,3128,FR,France,transparent,no,no,12 mins ago
45.199.132.240,3128,DE,Germany,transparent,no,no,12 mins ago
192.177.160.148,3128,DE,Germany,transparent,no,no,12 mins ago
161.123.209.37,6537,JP,Japan,transparent,no,no,12 mins ago
45.114.12.137,5205,JP,Japan,transparent,no,no,12 mins ago
104.252.179.90,3128,FR,France,transparent,no,no,12 mins ago
64.137.75.239,6159,JP,Japan,transparent,no,no,12 mins ago
185.68.152.72,8085,RU,Russian Federation,transparent,no,no,12 mins ago
161.123.208.0,6244,JP,Japan,transparent,no,no,12 mins ago
103.76.117.120,6385,JP,Japan,transparent,no,no,12 mins ago
103.76.117.173,6438,JP,Japan,transparent,no,no,12 mins ago
64.137.90.226,5846,JP,Japan,transparent,no,no,12 mins ago
64.137.75.14,5934,JP,Japan,transparent,no,no,12 mins ago
89.44.137.156,3333,RO,Romania,transparent,no,no,12 mins ago
104.164.183.34,3128,TH,Thailand,transparent,no,no,12 mins ago
64.137.75.156,6076,JP,Japan,transparent,no,no,12 mins ago
64.137.126.111,6719,JP,Japan,transparent,no,no,12 mins ago
185.224.142.177,8800,RO,Romania,transparent,no,no,12 mins ago
146.19.39.246,8085,RU,Russian Federation,transparent,no,no,12 mins ago
38.15.150.114,3128,CA,Canada,transparent,no,no,12 mins ago
79.110.31.60,8085,UA,Ukraine,transparent,no,no,12 mins ago
185.68.154.208,8085,RU,Russian Federation,transparent,no,no,12 mins ago
146.185.202.29,8085,RU,Russian Federation,transparent,no,no,12 mins ago
172.121.142.121,3128,FR,France,transparent,no,no,12 mins ago
45.114.12.178,5246,JP,Japan,transparent,no,no,12 mins ago
45.114.15.101,6082,JP,Japan,transparent,no,no,12 mins ago
172.121.142.49,3128,FR,France,transparent,no,no,12 mins ago
193.233.248.60,8085,RU,Russian Federation,transparent,no,no,12 mins ago
185.68.155.252,8085,RU,Russian Federation,transparent,no,no,12 mins ago
193.163.89.162,8085,RU,Russian Federation,transparent,no,no,12 mins ago
64.137.90.119,5739,JP,Japan,transparent,no,no,12 mins ago
45.114.15.247,6228,JP,Japan,transparent,no,no,12 mins ago
172.121.142.193,3128,FR,France,transparent,no,no,12 mins ago
38.15.148.242,3128,CA,Canada,transparent,no,no,12 mins ago
142.252.198.17,3128,FR,France,transparent,no,no,12 mins ago
104.252.131.233,3128,CA,Canada,transparent,no,no,12 mins ago
166.88.122.98,3128,FR,France,transparent,no,no,12 mins ago
142.252.223.208,3128,FR,France,transparent,no,no,12 mins ago
154.56.0.194,3333,RO,Romania,transparent,no,no,12 mins ago
212.18.113.110,8085,RU,Russian Federation,transparent,no,no,12 mins ago
64.137.126.188,6796,JP,Japan,transparent,no,no,12 mins ago
62.204.49.84,8085,RU,Russian Federation,transparent,no,no,12 mins ago
142.252.26.111,3128,FR,France,transparent,no,no,12 mins ago
146.19.44.11,8085,RU,Russian Federation,transparent,no,no,12 mins ago
136.0.95.27,3128,DE,Germany,transparent,no,no,12 mins ago
142.252.26.141,3128,FR,France,transparent,no,no,12 mins ago
46.253.131.158,8085,RU,Russian Federation,transparent,no,no,12 mins ago
62.233.39.92,8085,RU,Russian Federation,transparent,no,no,12 mins ago
37.72.141.170,8085,RU,Russian Federation,transparent,no,no,12 mins ago
94.154.113.60,8085,RU,Russian Federation,transparent,no,no,12 mins ago
166.88.122.194,3128,FR,France,transparent,no,no,12 mins ago
104.165.169.204,3128,CA,Canada,transparent,no,no,12 mins ago
64.137.90.37,5657,JP,Japan,transparent,no,no,12 mins ago
45.114.12.2,5070,JP,Japan,transparent,no,no,12 mins ago
45.114.12.203,5271,JP,Japan,transparent,no,no,12 mins ago
185.68.153.137,8085,RU,Russian Federation,transparent,no,no,12 mins ago
161.123.208.28,6272,JP,Japan,transparent,no,no,12 mins ago
64.137.90.16,5636,JP,Japan,transparent,no,no,12 mins ago
146.19.44.114,8085,RU,Russian Federation,transparent,no,no,12 mins ago
38.15.151.155,3128,CA,Canada,transparent,no,no,12 mins ago
81.196.102.77,3333,RO,Romania,transparent,no,no,12 mins ago
